displayname,twitchurl,viewminutes,streamedminutes,maxviewers,avgviewers,milestonefollowers,rownum,followers,followersgained,viewsgained,followersgainedwhileplaying,partner,affiliate,mature,language,languageId,status,previousviewminutes,previousstreamedminutes,previousmaxviewers,previousavgviewers,previousfollowergain,previousviewsgained,gamesPlayed,id,url,baseOnly
betboom_ru,https://www.twitch.tv/betboom_ru,164791710,5670,85200,29063,,1,474232,14215,0,0,True,False,False,Russian,0,Partner,9664590,855,28845,11303,1790,0,,6829262,betboom_ru,False
BLASTPremier,https://www.twitch.tv/blastpremier,143408085,2325,129064,61680,,2,2086580,18260,0,0,True,False,False,English,0,Partner,136396470,3090,108503,44141,22049,0,,12560979,blastpremier,False
加藤純一うん〇ちゃん (kato_junichi0817),https://www.twitch.tv/kato_junichi0817,125322300,5010,64545,25014,,3,1057826,2015,0,0,True,False,False,Japanese,0,Partner,140936160,5640,58625,24988,2814,0,,30004033,kato_junichi0817,False
zackrawrr,https://www.twitch.tv/zackrawrr,122169285,2775,57533,44024,,4,2049815,3404,0,0,True,False,False,English,0,Partner,142005360,3165,71606,44867,3703,0,,30500360,zackrawrr,False
Caedrel,https://www.twitch.tv/caedrel,109139085,2205,287937,49496,,5,1210994,12742,0,0,True,False,False,English,0,Partner,203782980,2805,217635,72649,21833,0,,2053059,caedrel,False
PontiacMadeDDG,https://www.twitch.tv/pontiacmadeddg,106122795,7395,34902,14350,,6,642881,76068,0,0,True,False,False,English,0,Partner,23486925,2910,21628,8071,25910,0,,7653634,pontiacmadeddg,False
HasanAbi,https://www.twitch.tv/hasanabi,98482005,3210,41345,30679,,7,2820302,4287,0,0,True,False,False,English,0,Partner,89890950,2865,53154,31375,2233,0,,14441748,hasanabi,False
Papaplatte,https://www.twitch.tv/papaplatte,88999785,2385,71114,37316,,8,2804146,4093,0,0,True,False,False,German,0,Partner,39675105,1185,55957,33481,9029,0,,101547,papaplatte,False
caseoh_,https://www.twitch.tv/caseoh_,88737975,1545,76912,57435,,9,6840321,26306,0,0,True,False,False,English,0,Partner,80142495,1545,75585,51872,31411,0,,18933073,caseoh_,False
ohnePixel,https://www.twitch.tv/ohnepixel,87772680,2790,68596,31459,,10,1701281,14718,0,0,True,False,False,English,0,Partner,70911225,2730,52127,25974,16164,0,,27167095,ohnepixel,False
Recrent,https://www.twitch.tv/recrent,83194680,2550,108941,32625,,11,1638853,40583,0,0,True,False,False,Russian,0,Partner,57420000,3930,34584,14610,13197,0,,757419,recrent,False
Jynxzi,https://www.twitch.tv/jynxzi,81249255,3255,34285,24961,,12,7129788,18737,0,0,True,False,False,English,0,Partner,107991555,3765,42809,28683,30206,0,,21104643,jynxzi,False
fissure_dota_en,https://www.twitch.tv/fissure_dota_en,76964430,5790,28724,13292,,13,133317,5940,0,0,True,False,False,English,0,Partner,4953765,870,12444,5693,990,0,,55772675,fissure_dota_en,False
loud_coringa,https://www.twitch.tv/loud_coringa,74513535,3405,118984,21883,,14,6349804,28060,0,0,True,False,False,Portuguese,0,Partner,72324420,2520,122751,28700,14892,0,,32760796,loud_coringa,False
eliasn97,https://www.twitch.tv/eliasn97,69615120,2025,81701,34377,,15,2098929,1242,0,0,True,False,False,German,0,Partner,81825690,2685,74399,30475,1515,0,,19392705,eliasn97,False
fps_shaka,https://www.twitch.tv/fps_shaka,63082095,3030,34439,20819,,16,1549616,2391,0,0,True,False,False,Japanese,0,Partner,45935265,3300,31607,13919,1590,0,,232516,fps_shaka,False
Lacy,https://www.twitch.tv/lacy,57660720,2865,66365,20125,,17,1221520,13667,0,0,True,False,False,English,0,Partner,41466585,2370,35684,17496,2196,0,,29240813,lacy,False
Tumblurr,https://www.twitch.tv/tumblurr,56322285,1635,116476,34447,,18,1869230,2466,0,0,True,False,False,Italian,0,Partner,65628765,1980,121623,33145,3540,0,,155285,tumblurr,False
summit1g,https://www.twitch.tv/summit1g,55109370,4380,21692,12582,,19,6317431,-202,0,0,True,False,False,English,0,Partner,60996570,5325,19133,11454,518,0,,10840,summit1g,False
RocketLeague,https://www.twitch.tv/rocketleague,53884740,1680,63468,32074,,20,4358858,14523,0,0,True,False,False,English,0,Partner,1165605,345,4146,3378,33,0,,2311196,rocketleague,False
buster,https://www.twitch.tv/buster,52940040,1455,63720,36384,,21,4409613,18919,0,0,True,False,False,Russian,0,Partner,40702650,1215,68976,33500,16717,0,,4762906,buster,False
relog_pari_cs_ru,https://www.twitch.tv/relog_pari_cs_ru,52301925,2250,48875,23245,,22,338878,9091,0,0,True,False,False,Russian,0,Partner,41221665,2940,57413,14020,8120,0,,56782054,relog_pari_cs_ru,False
nasdas_off,https://www.twitch.tv/nasdas_off,44990745,765,104171,58811,,23,919518,52484,0,0,True,False,False,French,0,Partner,67260330,1080,142426,62278,71965,0,,50717472,nasdas_off,False
stableronaldo,https://www.twitch.tv/stableronaldo,43632495,2085,32643,20926,,24,3737531,9368,0,0,True,False,False,English,0,Partner,43354005,2265,28047,19140,7181,0,,21527939,stableronaldo,False
zarbex,https://www.twitch.tv/zarbex,42284625,2985,21126,14165,,25,862553,10048,0,0,True,False,False,German,0,Partner,27368220,2160,22201,12670,7157,0,,20268522,zarbex,False
StRoGo,https://www.twitch.tv/strogo,41401785,2220,51987,18649,,26,1322857,11279,0,0,True,False,False,Russian,0,Partner,30272325,1620,56535,18686,9594,0,,20178312,strogo,False
shroud,https://www.twitch.tv/shroud,40853325,4095,20073,9976,,27,11114529,-1256,0,0,True,False,False,English,0,Partner,53152800,3840,28074,13841,3623,0,,614751,shroud,False
stylishnoob4,https://www.twitch.tv/stylishnoob4,38442000,3105,18592,12380,,28,1108252,2599,0,0,True,False,False,Japanese,0,Partner,41755665,3315,22383,12595,673,0,,58643,stylishnoob4,False
plaqueboymax,https://www.twitch.tv/plaqueboymax,38050815,1245,75066,30562,,29,1803438,14901,0,0,True,False,False,English,0,Partner,71459160,2355,65611,30343,10418,0,,38773224,plaqueboymax,False
Elajjaz,https://www.twitch.tv/elajjaz,37795455,3615,16480,10455,,30,515240,1001,0,0,True,False,False,English,0,Partner,37557285,3060,16014,12273,661,0,,4979,elajjaz,False
funnymike,https://www.twitch.tv/funnymike,37301700,7035,12695,5302,,31,225789,39953,0,0,True,False,False,English,0,Partner,29693190,7350,7511,4039,56246,0,,11251220,funnymike,False
Fanum,https://www.twitch.tv/fanum,35931840,2940,16921,12221,,32,2990988,11073,0,0,True,False,False,English,0,Partner,26269560,1905,20424,13789,9059,0,,8432753,fanum,False
mokrivskyi,https://www.twitch.tv/mokrivskyi,35097660,1485,49511,23634,,33,981526,8048,0,0,False,False,False,Russian,0,Community,23524245,1155,53478,20367,5098,0,,11035668,mokrivskyi,False
mira,https://www.twitch.tv/mira,33171780,10080,3882,3290,,34,740921,193,0,0,True,False,False,English,0,Partner,31350900,10080,4913,3110,882,0,,18501,mira,False
knekro,https://www.twitch.tv/knekro,33168345,2820,66888,11761,,35,1220405,677,0,0,True,False,False,Spanish,0,Partner,5295555,960,8694,5516,147,0,,11581099,knekro,False
KaiCenat,https://www.twitch.tv/kaicenat,33083100,375,196590,88221,,36,16771768,42176,0,0,True,False,False,English,0,Partner,51715605,615,147036,84090,48836,0,,36216355,kaicenat,False
Gaules,https://www.twitch.tv/gaules,32266605,9945,18623,3244,,37,4261341,-502,0,0,True,False,True,Portuguese,0,Partner,56848500,10080,52749,5639,1379,0,,13076616,gaules,False
xQc,https://www.twitch.tv/xqc,31940115,1350,37810,23659,,38,12041624,-600,0,0,True,False,False,English,0,Partner,35209830,1560,35969,22570,657,0,,78121,xqc,False
YoungMulti,https://www.twitch.tv/youngmulti,31440450,1935,38755,16248,,39,1321241,4170,0,0,True,False,False,Polish,0,Partner,11732925,1065,21576,11016,767,0,,35182181,youngmulti,False
Clix,https://www.twitch.tv/clix,31328385,2400,29755,13053,,40,8164926,13533,0,0,True,False,False,English,0,Partner,42869355,2580,80344,16616,31754,0,,16572872,clix,False
alanzoka,https://www.twitch.tv/alanzoka,31220340,2265,26112,13783,,41,7601555,5888,0,0,True,False,False,Portuguese,0,Partner,29736195,2280,21228,13042,7789,0,,241979,alanzoka,False
LIRIK,https://www.twitch.tv/lirik,30202770,2460,24594,12277,,42,2981337,-116,0,0,True,False,False,English,0,Partner,38813520,2400,25564,16172,173,0,,62277,lirik,False
AussieAntics,https://www.twitch.tv/aussieantics,30075150,5115,22043,5879,,43,1414389,8049,0,0,True,False,False,English,0,Partner,22660815,3435,24033,6597,4826,0,,15792962,aussieantics,False
JLTomy,https://www.twitch.tv/jltomy,29265330,2475,19207,11824,,44,1324801,697,0,0,True,False,False,French,0,Partner,13747980,1170,17595,11750,805,0,,11016752,jltomy,False
Squeezie,https://www.twitch.tv/squeezie,29170950,960,64032,30386,,45,5290295,7656,0,0,True,False,False,French,0,Partner,22090335,1170,33956,18880,4835,0,,5602855,squeezie,False
tarik,https://www.twitch.tv/tarik,28915425,1065,46939,27150,,46,3258496,-48,0,0,True,False,False,English,0,Partner,18447690,1080,37105,17081,1690,0,,178158,tarik,False
Adapt,https://www.twitch.tv/adapt,28856295,2760,19735,10455,,47,700635,18908,0,0,True,False,False,English,0,Partner,21437220,2055,29026,10431,14926,0,,14804367,adapt,False
はんじょう (hanjoudesu),https://www.twitch.tv/hanjoudesu,28757910,2895,26670,9933,,48,355599,1235,0,0,True,False,False,Japanese,0,Partner,35362080,3615,19137,9782,1650,0,,32814146,hanjoudesu,False
Quin69,https://www.twitch.tv/quin69,28715580,3060,21664,9384,,49,916327,730,0,0,True,False,False,English,0,Partner,23839200,2925,12915,8150,-947,0,,4913,quin69,False
ironmouse,https://www.twitch.tv/ironmouse,28642275,3525,13593,8125,,50,2278374,2115,0,0,True,False,True,English,0,Partner,13786815,1980,11118,6963,1565,0,,17636776,ironmouse,False
Rubius,https://www.twitch.tv/rubius,28381890,1275,29332,22260,,51,15655098,5162,0,0,True,False,False,Spanish,0,Partner,36301080,1545,62195,23495,9083,0,,1002201,rubius,False
PaulinhoLOKObr,https://www.twitch.tv/paulinholokobr,28310595,945,46354,29958,,52,3358667,4790,0,0,True,False,False,Portuguese,0,Partner,22800165,660,50023,34545,4796,0,,29129792,paulinholokobr,False
Dmitry_Lixxx,https://www.twitch.tv/dmitry_lixxx,28201935,1920,39939,14688,,53,1646968,13209,0,0,True,False,False,Russian,0,Partner,10467750,1110,33319,9430,2961,0,,13060408,dmitry_lixxx,False
Bijusan,https://www.twitch.tv/bijusan,27759255,3885,22271,7145,,54,74143,3095,0,0,True,False,False,Japanese,0,Partner,20677335,3240,20234,6381,3465,0,,11151788,bijusan,False
バトラ (batora324),https://www.twitch.tv/batora324,27704280,3330,12769,8319,,55,137430,1574,0,0,True,False,False,Japanese,0,Partner,17011485,2580,13424,6593,929,0,,5331342,batora324,False
Arteezy,https://www.twitch.tv/arteezy,27410985,3525,11829,7776,,56,831708,2840,0,0,True,False,True,English,0,Partner,27773895,3255,12039,8532,1464,0,,753328,arteezy,False
Gorgc,https://www.twitch.tv/gorgc,27408705,3270,15020,8381,,57,754777,574,0,0,True,False,False,English,0,Partner,21865920,2850,15053,7672,2200,0,,3691316,gorgc,False
Thebausffs,https://www.twitch.tv/thebausffs,26506560,1500,38555,17671,,58,1467753,5200,0,0,True,False,False,English,0,Partner,42147630,2460,36865,17133,8331,0,,12089485,thebausffs,False
QuickyBaby,https://www.twitch.tv/quickybaby,26503590,4215,14162,6287,,59,643938,355,0,0,True,False,False,English,0,Partner,24019110,3735,14679,6430,370,0,,99379,quickybaby,False
Locklear,https://www.twitch.tv/locklear,26148780,2760,19067,9474,,60,2329957,3788,0,0,True,False,False,French,0,Partner,22750620,2325,19474,9785,4388,0,,8110978,locklear,False
elxokas,https://www.twitch.tv/elxokas,25708530,2490,18153,10324,,61,4250362,1535,0,0,True,False,False,Spanish,0,Partner,24108600,2130,22800,11318,1905,0,,10692216,elxokas,False
MOONMOON,https://www.twitch.tv/moonmoon,25567275,2145,17180,11919,,62,1181790,-251,0,0,True,False,True,English,0,Partner,33796920,2700,18777,12517,45,0,,5412441,moonmoon,False
deepins02,https://www.twitch.tv/deepins02,25365105,1395,25683,18182,,63,2464234,11254,0,0,True,False,False,Russian,0,Partner,19817640,1125,24807,17615,6977,0,,10269255,deepins02,False
otplol_,https://www.twitch.tv/otplol_,25317420,10080,38549,2511,,64,780014,30,0,0,True,False,False,French,0,Partner,47580120,10080,69694,4720,1574,0,,35478616,otplol_,False
Lazvell,https://www.twitch.tv/lazvell,25252335,3435,34524,7351,,65,457900,1366,0,0,True,False,False,Japanese,0,Partner,18026475,3555,44442,5070,1727,0,,7412503,lazvell,False
bratishkinoff,https://www.twitch.tv/bratishkinoff,25166205,1140,47499,22075,,66,3403451,12899,0,0,True,False,True,Russian,0,Partner,14347935,900,25122,15942,5141,0,,2379709,bratishkinoff,False
Kamet0,https://www.twitch.tv/kamet0,25102095,1560,50674,16091,,67,2018314,616,0,0,True,False,False,French,0,Partner,67211160,1800,143295,37339,4440,0,,211156,kamet0,False
jasontheween,https://www.twitch.tv/jasontheween,25081320,1215,36033,20643,,68,1129081,16329,0,0,True,False,False,English,0,Partner,51092535,2175,49026,23490,38919,0,,11663408,jasontheween,False
Mixwell,https://www.twitch.tv/mixwell,24916920,2055,29556,12125,,69,1212876,161,0,0,True,False,False,Spanish,0,Partner,12471480,1680,23867,7423,547,0,,4370,mixwell,False
ibai,https://www.twitch.tv/ibai,24586470,1590,45678,15463,,70,17303729,353,0,0,True,False,False,Spanish,0,Partner,156226770,7635,58277,20461,16118,0,,3196211,ibai,False
sodapoppin,https://www.twitch.tv/sodapoppin,24087570,2070,42188,11636,,71,8961443,321,0,0,True,False,True,English,0,Partner,36957945,2895,42908,12766,-459,0,,16635,sodapoppin,False
IlloJuan,https://www.twitch.tv/illojuan,24049275,825,42329,29150,,72,4299840,2050,0,0,True,False,False,Spanish,0,Partner,39323295,1470,48047,26750,4371,0,,910344,illojuan,False
shadowkekw,https://www.twitch.tv/shadowkekw,23871525,540,101308,44206,,73,800859,12863,0,0,True,False,False,Russian,0,Partner,10911675,540,28113,20206,1805,0,,29505158,shadowkekw,False
NoWay4u_Sir,https://www.twitch.tv/noway4u_sir,23693130,2895,13670,8184,,74,734228,848,0,0,True,False,False,German,0,Partner,25326165,3000,13000,8442,421,0,,27769,noway4u_sir,False
Mizkif,https://www.twitch.tv/mizkif,22767450,1320,25726,17248,,75,2131700,726,0,0,True,False,False,English,0,Partner,11684820,690,25302,16934,129,0,,2385215,mizkif,False
TheRealMarzaa,https://www.twitch.tv/therealmarzaa,22754865,2865,22374,7942,,76,1748507,2236,0,0,True,False,False,Italian,0,Partner,19401690,2550,33252,7608,2745,0,,2064409,therealmarzaa,False
evelone2004,https://www.twitch.tv/evelone2004,22679340,420,74790,53998,,77,1487338,6792,0,0,False,False,False,Russian,0,Community,42309420,795,101440,53219,19742,0,,42575911,evelone2004,False
PirateSoftware,https://www.twitch.tv/piratesoftware,22559790,3195,11204,7060,,78,1210234,-486,0,0,True,False,False,English,0,Partner,19048845,3075,8596,6194,-173,0,,10034290,piratesoftware,False
loltyler1,https://www.twitch.tv/loltyler1,22500615,2670,13024,8427,,79,5446787,-671,0,0,True,False,False,English,0,Partner,14758560,1755,17357,8409,-146,0,,3828692,loltyler1,False
CohhCarnage,https://www.twitch.tv/cohhcarnage,22261800,2475,15025,8994,,80,1632861,1158,0,0,True,False,False,English,0,Partner,21212040,2700,18839,7856,793,0,,5115,cohhcarnage,False
Jinnytty,https://www.twitch.tv/jinnytty,21578895,4455,8885,4843,,81,1077071,956,0,0,True,False,False,English,0,Partner,16287315,3225,7801,5050,896,0,,10797151,jinnytty,False
mooda,https://www.twitch.tv/mooda,21394290,3135,10666,6824,,82,362277,4658,0,0,True,False,False,English,0,Partner,13545255,2085,10002,6496,4970,0,,35462863,mooda,False
RDCgaming,https://www.twitch.tv/rdcgaming,21036390,1605,19275,13106,,83,844762,3833,0,0,True,False,False,English,0,Partner,9847080,840,17121,11722,1778,0,,3386786,rdcgaming,False
GRONKH,https://www.twitch.tv/gronkh,20826540,1095,24520,19019,,84,1741382,762,0,0,True,False,True,German,0,Partner,43804845,2715,23768,16134,2789,0,,99482,gronkh,False
pathofexile,https://www.twitch.tv/pathofexile,20569470,225,147372,91419,,85,418892,24250,0,0,True,False,False,English,0,Partner,1413255,270,7031,5234,687,0,,24443539,pathofexile,False
Pikabooirl,https://www.twitch.tv/pikabooirl,20545215,2565,25872,8009,,86,583143,1630,0,0,True,False,False,English,0,Partner,31438845,4110,19427,7649,968,0,,82312,pikabooirl,False
scump,https://www.twitch.tv/scump,20349585,2250,19328,9044,,87,1837775,1342,0,0,True,False,False,English,0,Partner,3729915,870,8950,4287,495,0,,9428025,scump,False
Baiano,https://www.twitch.tv/baiano,20156400,10080,11972,1999,,88,1050434,775,0,0,True,False,True,Portuguese,0,Partner,15959400,10080,16689,1583,336,0,,9072198,baiano,False
TenZ,https://www.twitch.tv/tenz,20044080,2685,19933,7465,,89,4329520,3077,0,0,True,False,False,English,0,Partner,19213410,2550,13380,7534,6631,0,,575517,tenz,False
RocketBaguette,https://www.twitch.tv/rocketbaguette,19870140,1665,31128,11934,,90,482336,3466,0,0,True,False,False,French,0,Partner,267645,345,1246,775,1,0,,8308427,rocketbaguette,False
ThePrimeagen,https://www.twitch.tv/theprimeagen,19806765,7815,5762,2534,,91,256349,4938,0,0,True,False,False,English,0,Partner,4931970,2055,3737,2399,893,0,,14518379,theprimeagen,False
aminematue,https://www.twitch.tv/aminematue,19752705,165,167623,119713,,92,3226887,2487,0,0,True,False,False,English,0,Partner,33890550,930,55459,36441,5787,0,,25899954,aminematue,False
sacy,https://www.twitch.tv/sacy,19676985,3300,26031,5962,,93,782947,1359,0,0,True,False,True,Portuguese,0,Partner,17912955,3180,24066,5633,2288,0,,4374416,sacy,False
angryginge13,https://www.twitch.tv/angryginge13,19649700,2295,14100,8561,,94,1229334,6542,0,0,True,False,False,English,0,Partner,14106210,1860,12602,7583,5468,0,,33184526,angryginge13,False
dangerlyoha,https://www.twitch.tv/dangerlyoha,19361625,1290,40355,15009,,95,1139379,15620,0,0,True,False,False,Russian,0,Partner,8515005,855,14679,9959,4612,0,,24594582,dangerlyoha,False
forsen,https://www.twitch.tv/forsen,19275990,2205,18681,8741,,96,1763996,841,0,0,True,False,True,English,0,Partner,35430075,2220,85620,15959,1256,0,,194103,forsen,False
TcK10,https://www.twitch.tv/tck10,19226310,2535,23054,7584,,97,682149,1368,0,0,True,False,False,Portuguese,0,Partner,21795660,2910,27740,7489,606,0,,27255852,tck10,False
叶ちゃんねる (kanae_2434),https://www.twitch.tv/kanae_2434,19190730,2760,35016,6953,,98,725095,1850,0,0,False,False,False,Japanese,0,Community,19324215,2625,24727,7361,1407,0,,16051775,kanae_2434,False
たいじ_たいちゃんねる (yaritaiji),https://www.twitch.tv/yaritaiji,19025715,2385,14669,7977,,99,140242,2088,0,0,False,False,False,Japanese,0,Community,9643755,1155,15740,8349,1041,0,,38367028,yaritaiji,False
Trymacs,https://www.twitch.tv/trymacs,18912840,1680,23236,11257,,100,3732988,1882,0,0,True,False,False,German,0,Partner,27999750,2220,43285,12612,4179,0,,5021703,trymacs,False
Grubby,https://www.twitch.tv/grubby,18559080,2790,11829,6652,,101,714042,550,0,0,True,False,False,English,0,Partner,21489480,2820,15642,7620,2922,0,,93250,grubby,False
KRL_STREAM,https://www.twitch.tv/krl_stream,18535320,3510,24503,5280,,102,94286,2943,0,0,True,False,True,French,0,Partner,12800985,3810,14202,3359,2230,0,,9603875,krl_stream,False
如月れん (ren_kisaragi__),https://www.twitch.tv/ren_kisaragi__,18484005,3930,16919,4703,,103,250203,6133,0,0,True,False,False,Japanese,0,Partner,4435035,1935,5070,2292,1030,0,,50771716,ren_kisaragi__,False
gabepeixe,https://www.twitch.tv/gabepeixe,18262845,2970,15237,6149,,104,1706193,-95,0,0,True,False,False,Portuguese,0,Partner,24849195,3600,53113,6902,8964,0,,8338655,gabepeixe,False
Tubbo,https://www.twitch.tv/tubbo,18006720,10080,6129,1786,,105,5251454,-785,0,0,True,False,False,English,0,Partner,18912180,10080,4423,1876,-393,0,,15655323,tubbo,False
BALLERLEAGUE,https://www.twitch.tv/ballerleague,17903730,390,62322,45907,,106,327092,2862,0,0,True,False,False,German,0,Partner,22387380,390,78511,57403,2980,0,,66728509,ballerleague,False
LVNDMARK,https://www.twitch.tv/lvndmark,17692965,3120,10040,5670,,107,1321981,275,0,0,True,False,False,English,0,Partner,13620480,3015,7568,4517,259,0,,22584174,lvndmark,False
HandOfBlood,https://www.twitch.tv/handofblood,17687565,1875,14410,9433,,108,1330328,2933,0,0,True,False,False,German,0,Partner,4666200,540,11468,8641,431,0,,882997,handofblood,False
kussia88,https://www.twitch.tv/kussia88,17397420,3150,8788,5522,,109,1243020,6115,0,0,False,False,True,Russian,0,Community,3687195,690,7285,5343,1702,0,,59540277,kussia88,False
TraYtoNlol,https://www.twitch.tv/traytonlol,17356530,4560,9325,3806,,110,225573,744,0,0,True,False,False,French,0,Partner,5982705,2010,7804,2976,142,0,,243696,traytonlol,False
Jerma985,https://www.twitch.tv/jerma985,17316930,1470,15806,11780,,111,1508493,1469,0,0,True,False,True,English,0,Partner,18605475,1710,15400,10880,1345,0,,797783,jerma985,False
lol_nemesis,https://www.twitch.tv/lol_nemesis,17307885,2055,16331,8422,,112,815526,5217,0,0,True,False,False,English,0,Partner,20371455,3030,36978,6723,5463,0,,9998577,lol_nemesis,False
Lord_Kebun,https://www.twitch.tv/lord_kebun,17305785,1950,12187,8874,,113,692613,136,0,0,True,False,False,English,0,Partner,24189780,2745,11597,8812,330,0,,11151618,lord_kebun,False
IzakOOO,https://www.twitch.tv/izakooo,17067645,3000,18132,5689,,114,1980545,1491,0,0,True,False,False,Polish,0,Partner,14490285,3795,14642,3818,765,0,,136222,izakooo,False
TheBurntPeanut,https://www.twitch.tv/theburntpeanut,16969725,3075,7635,5518,,115,131851,6178,0,0,True,False,False,English,0,Partner,15116280,3060,7241,4939,5086,0,,25263641,theburntpeanut,False
k4sen,https://www.twitch.tv/k4sen,16844775,1350,23491,12477,,116,919606,1760,0,0,True,False,False,Japanese,0,Partner,39134730,2475,24768,15812,2017,0,,462562,k4sen,False
MissMikkaa,https://www.twitch.tv/missmikkaa,16817055,3630,10659,4632,,117,458250,1912,0,0,True,False,False,English,0,Partner,15822075,3030,9923,5221,1657,0,,102835,missmikkaa,False
shanks_ttv,https://www.twitch.tv/shanks_ttv,16751505,3705,10345,4521,,118,584369,1283,0,0,True,False,True,English,0,Partner,9036810,2790,7738,3239,1025,0,,29692827,shanks_ttv,False
MarvelRivals,https://www.twitch.tv/marvelrivals,16711710,10020,12611,1667,,119,296550,6579,0,0,True,False,False,English,0,Partner,25791930,9960,14472,2589,13061,0,,69874173,marvelrivals,False
sasavot,https://www.twitch.tv/sasavot,16691745,1020,28357,16364,,120,954758,8067,0,0,True,False,False,Russian,0,Partner,16916040,765,39488,22112,8680,0,,13576138,sasavot,False
robcdee,https://www.twitch.tv/robcdee,16668660,4680,10446,3561,,121,336634,356,0,0,True,False,False,English,0,Partner,13260390,4335,4547,3058,259,0,,11640821,robcdee,False
Anyme023,https://www.twitch.tv/anyme023,16492320,1545,19618,10674,,122,349259,34788,0,0,True,False,False,French,0,Partner,14103315,1875,12474,7521,18334,0,,69810692,anyme023,False
Distortion2,https://www.twitch.tv/distortion2,16411980,3240,10387,5065,,123,670636,417,0,0,True,False,True,English,0,Partner,8125830,3570,4444,2276,-62,0,,242297,distortion2,False
BastiGHG,https://www.twitch.tv/bastighg,16396935,1980,14489,8281,,124,2120360,2103,0,0,True,False,False,German,0,Partner,21204420,2175,16326,9749,9317,0,,790314,bastighg,False
あっさりしょこー (assarisyoko1),https://www.twitch.tv/assarisyoko1,16322850,3015,9623,5413,,125,89320,2283,0,0,True,False,False,Japanese,0,Partner,15554415,2325,13252,6690,4706,0,,67513815,assarisyoko1,False
GronkhTV,https://www.twitch.tv/gronkhtv,16302000,10080,6238,1617,,126,610159,527,0,0,True,False,True,German,0,Partner,15707340,10080,7463,1558,556,0,,2516231,gronkhtv,False
ファン太 (fantasista_jp),https://www.twitch.tv/fantasista_jp,16242810,1485,27839,10937,,127,291999,184,0,0,True,False,False,Japanese,0,Partner,20906670,2055,18231,10173,171,0,,14167665,fantasista_jp,False
Leb1ga,https://www.twitch.tv/leb1ga,16145520,690,36814,23399,,128,524745,3417,0,0,True,False,False,Ukrainian,0,Partner,15551385,735,30795,21158,1952,0,,6189295,leb1ga,False
ごっちゃんマイキー (gocchanmikey),https://www.twitch.tv/gocchanmikey,16054905,2370,19919,6774,,129,198223,986,0,0,True,False,False,Japanese,0,Partner,10920675,2100,15539,5200,414,0,,52611363,gocchanmikey,False
sinatraa,https://www.twitch.tv/sinatraa,15997770,3255,10494,4914,,130,2033231,183,0,0,True,False,False,English,0,Partner,25729170,3990,10658,6448,3157,0,,8226992,sinatraa,False
LuquEt4,https://www.twitch.tv/luquet4,15720495,1035,40348,15188,,131,1962354,3179,0,0,True,False,False,Portuguese,0,Partner,9556845,810,22259,11798,2660,0,,19094634,luquet4,False
Bonjwa,https://www.twitch.tv/bonjwa,15677880,2775,10955,5649,,132,247720,308,0,0,True,False,False,German,0,Partner,15665670,3165,10320,4949,158,0,,199452,bonjwa,False
Zentreya,https://www.twitch.tv/zentreya,15534465,2850,7508,5450,,133,562839,1279,0,0,True,False,False,English,0,Partner,14629455,2655,11025,5510,1411,0,,6688679,zentreya,False
柊ツルギ (hiiragitsurugi),https://www.twitch.tv/hiiragitsurugi,15507930,2745,11780,5649,,134,334306,1588,0,0,True,False,False,Japanese,0,Partner,8179305,2025,12172,4039,1439,0,,63294912,hiiragitsurugi,False
ImperialHal__,https://www.twitch.tv/imperialhal__,15499560,2580,9656,6007,,135,2053589,121,0,0,True,False,False,English,0,Partner,13774665,2355,9114,5849,136,0,,11938220,imperialhal__,False
Maximilian_DOOD,https://www.twitch.tv/maximilian_dood,15457860,2145,15238,7206,,136,1327168,788,0,0,True,False,False,English,0,Partner,14510745,2535,13391,5724,558,0,,224416,maximilian_dood,False
ギルくん (guilty1223),https://www.twitch.tv/guilty1223,15423720,2535,11461,6084,,137,202334,503,0,0,True,False,False,Japanese,0,Partner,17481420,2805,12897,6232,489,0,,14867623,guilty1223,False
JonVlogs,https://www.twitch.tv/jonvlogs,15063870,1080,36545,13948,,138,2218551,1296,0,0,True,False,False,Portuguese,0,Partner,3829065,465,13859,8234,1392,0,,1901805,jonvlogs,False
skill4ltu,https://www.twitch.tv/skill4ltu,14995710,3720,7335,4031,,139,363196,547,0,0,True,False,True,English,0,Partner,17420730,4125,6961,4223,810,0,,3601057,skill4ltu,False
Aspen,https://www.twitch.tv/aspen,14980755,3120,7967,4801,,140,516580,3251,0,0,True,False,False,English,0,Partner,9847440,1530,11908,6436,2371,0,,9698188,aspen,False
羅傑 (roger9527),https://www.twitch.tv/roger9527,14923770,3255,8048,4584,,141,218787,283,0,0,True,False,False,Chinese,0,Partner,11812560,2535,7907,4659,250,0,,5792,roger9527,False
VALORANT_EMEA,https://www.twitch.tv/valorant_emea,14786490,1170,22232,12638,,142,664408,4464,0,0,True,False,False,English,0,Partner,4730250,1425,6832,3319,876,0,,33213385,valorant_emea,False
JesusAVGN,https://www.twitch.tv/jesusavgn,14601525,1530,16247,9543,,143,1830582,-194,0,0,True,False,False,Russian,0,Partner,16877925,1815,19696,9299,448,0,,10799,jesusavgn,False
anarabdullaev,https://www.twitch.tv/anarabdullaev,14522940,1830,14674,7936,,144,163012,12488,0,0,False,False,False,Russian,0,Community,5495355,795,10181,6912,2917,0,,60851892,anarabdullaev,False
xTheSolutionTV,https://www.twitch.tv/xthesolutiontv,14354340,3810,5394,3767,,145,753507,137,0,0,True,False,False,German,0,Partner,14788245,4665,6039,3170,363,0,,439227,xthesolutiontv,False
Emiru,https://www.twitch.tv/emiru,14345595,795,30027,18044,,146,1736915,2209,0,0,True,False,False,English,0,Partner,21952665,1215,35414,18068,2062,0,,1435137,emiru,False
ElMariana,https://www.twitch.tv/elmariana,14308200,930,23027,15385,,147,10343676,7876,0,0,True,False,False,Spanish,0,Partner,11381190,810,21411,14050,6497,0,,27069018,elmariana,False
MichiMochievee,https://www.twitch.tv/michimochievee,14238705,3015,8456,4722,,148,179387,2241,0,0,True,False,False,English,0,Partner,22848075,4515,8314,5060,3689,0,,69434692,michimochievee,False
BarbarousKing,https://www.twitch.tv/barbarousking,14194695,4170,8220,3404,,149,225910,146,0,0,True,False,True,English,0,Partner,16712445,4650,6220,3594,212,0,,7921756,barbarousking,False
Xaryu,https://www.twitch.tv/xaryu,14078805,1860,19747,7569,,150,707241,1896,0,0,True,False,False,English,0,Partner,14574915,2895,10308,5034,872,0,,37450,xaryu,False
ZeratoR,https://www.twitch.tv/zerator,13969230,945,33269,14782,,151,1596695,157,0,0,True,False,False,French,0,Partner,11824125,870,22786,13590,355,0,,131359,zerator,False
Emongg,https://www.twitch.tv/emongg,13958370,3195,9302,4368,,152,1085995,1282,0,0,True,False,False,English,0,Partner,38267820,3660,26438,10455,3725,0,,39045,emongg,False
cs2_maincast,https://www.twitch.tv/cs2_maincast,13823760,2895,15376,4775,,153,221647,2642,0,0,True,False,False,Ukrainian,0,Partner,13770090,3135,15304,4392,3138,0,,48188906,cs2_maincast,False
VALORANT_jpn,https://www.twitch.tv/valorant_jpn,13808760,2715,10432,5086,,154,592424,961,0,0,True,False,False,Japanese,0,Partner,9377355,1710,14257,5483,854,0,,30055624,valorant_jpn,False
蝦愛橘子 (shuteye_orange),https://www.twitch.tv/shuteye_orange,13799100,10080,2716,1368,,155,179959,-11,0,0,True,False,True,Chinese,0,Partner,14868120,10080,3699,1475,116,0,,9890865,shuteye_orange,False
Agent00,https://www.twitch.tv/agent00,13764360,1845,13205,7460,,156,2269649,5222,0,0,True,False,False,English,0,Partner,12377175,1290,23261,9594,-31729,0,,120045,agent00,False
mago2dgod,https://www.twitch.tv/mago2dgod,13761315,3840,8426,3583,,157,170081,1778,0,0,True,False,False,Japanese,0,Partner,3272790,1440,4558,2272,199,0,,48808519,mago2dgod,False
sasatikk,https://www.twitch.tv/sasatikk,13703895,2415,8935,5674,,158,392622,810,0,0,True,False,False,Japanese,0,Partner,12372330,1635,14055,7567,821,0,,8808457,sasatikk,False
yourragegaming,https://www.twitch.tv/yourragegaming,13698750,750,25116,18265,,159,1629351,845,0,0,True,False,False,English,0,Partner,51904125,2490,33366,20845,6616,0,,20828103,yourragegaming,False
kingsleague,https://www.twitch.tv/kingsleague,13628910,840,36360,16224,,160,3284546,1600,0,0,True,False,False,Spanish,0,Partner,10756470,840,22985,12805,794,0,,5504732,kingsleague,False
PietSmiet,https://www.twitch.tv/pietsmiet,13622910,2640,11195,5160,,161,830405,1817,0,0,True,False,True,German,0,Partner,13651485,2805,13889,4866,2567,0,,88204,pietsmiet,False
b0rja,https://www.twitch.tv/b0rja,13621710,8790,14366,1549,,162,130749,3918,0,0,True,False,False,Spanish,0,Partner,12313920,10080,8199,1221,4985,0,,13111283,b0rja,False
TimTheTatman,https://www.twitch.tv/timthetatman,13380840,1080,17356,12389,,163,7217180,3137,0,0,True,False,True,English,0,Partner,11396235,915,16800,12454,2446,0,,61581,timthetatman,False
GUACAMOLEMOLLY,https://www.twitch.tv/guacamolemolly,13346505,1560,14310,8555,,164,524695,1006,0,0,True,False,True,Russian,0,Partner,12368220,1695,9630,7296,582,0,,12452512,guacamolemolly,False
VALORANT_Americas,https://www.twitch.tv/valorant_americas,13268595,1065,19978,12458,,165,850000,3055,0,0,True,False,False,English,0,Partner,5950485,660,14138,9015,1785,0,,33476009,valorant_americas,False
39daph,https://www.twitch.tv/39daph,13239150,3285,7112,4030,,166,1216585,383,0,0,True,False,False,English,0,Partner,14075550,3150,9076,4468,641,0,,10925453,39daph,False
Stray228,https://www.twitch.tv/stray228,13163430,1875,9466,7020,,167,1704189,1053,0,0,True,False,False,Russian,0,Partner,13744650,2070,9825,6639,983,0,,66516,stray228,False
Sliggytv,https://www.twitch.tv/sliggytv,13085775,3180,8140,4115,,168,171724,757,0,0,True,False,False,English,0,Partner,3919395,1290,6484,3038,311,0,,3071752,sliggytv,False
ボドカさん (vodkavdk),https://www.twitch.tv/vodkavdk,13051995,2805,17243,4653,,169,616059,2307,0,0,True,False,False,Japanese,0,Partner,11181495,2190,25309,5105,2234,0,,587026,vodkavdk,False
SolaryHS,https://www.twitch.tv/solaryhs,12821460,10080,2979,1271,,170,208231,173,0,0,True,False,False,French,0,Partner,12834720,10080,3059,1273,173,0,,21823138,solaryhs,False
tenderlybae,https://www.twitch.tv/tenderlybae,12782115,510,46503,25062,,171,1547207,24475,0,0,True,False,False,Russian,0,Partner,1770810,120,25831,14756,3494,0,,17744285,tenderlybae,False
shuto_fgc,https://www.twitch.tv/shuto_fgc,12556230,3765,12131,3334,,172,95990,3542,0,0,True,False,False,Japanese,0,Partner,2220495,1710,2501,1298,600,0,,50011020,shuto_fgc,False
supertf,https://www.twitch.tv/supertf,12551835,2145,9117,5851,,173,702042,472,0,0,True,False,False,English,0,Partner,18083070,2970,11155,6088,980,0,,7809471,supertf,False
AgustinUnaplay8,https://www.twitch.tv/agustinunaplay8,12476835,2235,9534,5582,,174,316467,1078,0,0,True,False,False,Spanish,0,Partner,10800780,1860,8904,5806,1285,0,,9117085,agustinunaplay8,False
betboom_ru2,https://www.twitch.tv/betboom_ru2,12392445,2310,21930,5364,,175,173461,2414,0,0,True,False,False,Russian,0,Partner,3607350,810,14364,4453,1329,0,,8208351,betboom_ru2,False
綠茶 (greentea),https://www.twitch.tv/greentea,12350640,4275,5951,2889,,176,162809,539,0,0,True,False,False,Chinese,0,Partner,15466800,4620,6483,3347,765,0,,645349,greentea,False
AntoineDaniel,https://www.twitch.tv/antoinedaniel,12301260,870,22023,14139,,177,1060897,272,0,0,True,False,True,French,0,Partner,9183015,900,19108,10203,241,0,,8369226,antoinedaniel,False
しんじさん (shinjifromjapanxd),https://www.twitch.tv/shinjifromjapanxd,12224085,4050,4644,3018,,178,215294,767,0,0,True,False,False,Japanese,0,Partner,7776750,2625,5680,2962,620,0,,19596269,shinjifromjapanxd,False
juansguarnizo,https://www.twitch.tv/juansguarnizo,12209595,1710,15203,7140,,179,11507707,474,0,0,True,False,False,Spanish,0,Partner,12425385,1860,13945,6680,2729,0,,8543782,juansguarnizo,False
Repaz,https://www.twitch.tv/repaz,12209130,4515,15215,2704,,180,723853,894,0,0,True,False,True,German,0,Partner,12182625,4860,16869,2506,933,0,,7788672,repaz,False
NEEXcsgo,https://www.twitch.tv/neexcsgo,12198120,4035,7332,3023,,181,406822,1205,0,0,True,False,False,Polish,0,Partner,11689995,4365,8758,2678,799,0,,8573509,neexcsgo,False
WELOVEGAMES,https://www.twitch.tv/welovegames,12195345,2955,6619,4127,,182,519258,974,0,0,True,False,False,Russian,0,Partner,9821700,2400,7757,4092,805,0,,95818,welovegames,False
Nikof,https://www.twitch.tv/nikof,12112500,1155,15824,10487,,183,715404,1226,0,0,True,False,False,French,0,Partner,13620285,1170,17971,11641,1553,0,,15162515,nikof,False
Zoomaa,https://www.twitch.tv/zoomaa,12094905,2190,10939,5522,,184,407995,956,0,0,True,False,False,English,0,Partner,8136075,1635,12195,4976,742,0,,3306619,zoomaa,False
ExtraEmily,https://www.twitch.tv/extraemily,12065010,1230,15692,9808,,185,467013,569,0,0,True,False,False,English,0,Partner,9099345,870,19671,10459,389,0,,28850825,extraemily,False
SilverName,https://www.twitch.tv/silvername,12028785,2250,8743,5346,,186,880070,1437,0,0,True,False,False,Russian,0,Partner,8938050,1710,13128,5226,2250,0,,187383,silvername,False
rezonfn,https://www.twitch.tv/rezonfn,11984685,2250,8998,5326,,187,1218649,-1828,0,0,True,False,False,German,0,Partner,11960115,2415,8727,4952,9960,0,,22066469,rezonfn,False
FerretSoftware,https://www.twitch.tv/ferretsoftware,11952420,10080,4268,1185,,188,173077,-23,0,0,True,False,False,English,0,Partner,12154500,10080,6083,1205,705,0,,58175111,ferretsoftware,False
capr1isun,https://www.twitch.tv/capr1isun,11945430,855,30243,13971,,189,187403,51084,0,0,False,False,False,English,0,Community,7933605,630,22840,12593,83236,0,,73066569,capr1isun,False
PUBG_BATTLEGROUNDS,https://www.twitch.tv/pubg_battlegrounds,11791350,4065,6155,2900,,190,1161404,2645,0,0,True,False,False,English,0,Partner,7008420,2055,8631,3410,3917,0,,8324036,pubg_battlegrounds,False
ハイタニ (haitani0904),https://www.twitch.tv/haitani0904,11759745,3630,9088,3239,,191,146910,813,0,0,True,False,False,Japanese,0,Partner,6701625,2460,7789,2724,255,0,,14740597,haitani0904,False
pokelawls,https://www.twitch.tv/pokelawls,11736735,4035,8025,2908,,192,1060473,20,0,0,True,False,True,English,0,Partner,5105610,2445,3782,2088,-542,0,,26655,pokelawls,False
Real_Bazzi,https://www.twitch.tv/real_bazzi,11717475,8415,3672,1392,,193,278606,1140,0,0,True,False,True,German,0,Partner,11479770,8460,3376,1356,2225,0,,23327524,real_bazzi,False
DjMaRiiO,https://www.twitch.tv/djmariio,11689815,1110,32622,10531,,194,1843530,2579,0,0,True,False,False,Spanish,0,Partner,9640380,930,30406,10366,4202,0,,529379,djmariio,False
赤見かるび (akamikarubi),https://www.twitch.tv/akamikarubi,11642985,3165,9384,3678,,195,580999,1191,0,0,True,False,False,Japanese,0,Partner,4198695,945,7937,4443,558,0,,33090276,akamikarubi,False
YoDa,https://www.twitch.tv/yoda,11578980,2760,7852,4195,,196,2458961,-140,0,0,True,False,False,Portuguese,0,Partner,7607115,1980,6349,3841,181,0,,10842,yoda,False
西南69 (kr1stw),https://www.twitch.tv/kr1stw,11568900,3990,5853,2899,,197,79019,74,0,0,True,False,True,Chinese,0,Partner,9704895,2535,5668,3828,80,0,,11822911,kr1stw,False
RUGAAL,https://www.twitch.tv/rugaal,11543265,10065,1734,1146,,198,44733,2833,0,0,False,False,False,English,0,Community,8768880,10080,1643,869,2139,0,,72365554,rugaal,False
AuzioMF,https://www.twitch.tv/auziomf,11485875,2295,14053,5004,,199,546599,2796,0,0,True,False,False,English,0,Partner,14352975,2595,15059,5531,4280,0,,1245149,auziomf,False
leva2k,https://www.twitch.tv/leva2k,11461125,3105,6290,3691,,200,182137,1904,0,0,True,False,False,Russian,0,Partner,5300670,1545,7315,3430,546,0,,42823621,leva2k,False
