displayname,twitchurl,viewminutes,streamedminutes,maxviewers,avgviewers,milestonefollowers,rownum,followers,followersgained,viewsgained,followersgainedwhileplaying,partner,affiliate,mature,language,languageId,status,previousviewminutes,previousstreamedminutes,previousmaxviewers,previousavgviewers,previousfollowergain,previousviewsgained,gamesPlayed,id,url,baseOnly,email,discord,twitter,youtube
BLASTPremier,https://www.twitch.tv/blastpremier,156028155,2730,111522,57153,,1,2086580,19691,0,0,True,False,False,English,0,Partner,91724895,2220,108503,41317,15914,0,,12560979,blastpremier,False,,,,
加藤純一うん〇ちゃん (kato_junichi0817),https://www.twitch.tv/kato_junichi0817,145145010,6030,64545,24070,,2,1057579,2367,0,0,True,False,False,Japanese,0,Partner,144445395,5310,58625,27202,2714,0,,30004033,kato_junichi0817,False,,,,
betboom_ru,https://www.twitch.tv/betboom_ru,139241850,5640,76775,24688,,3,474232,13360,0,0,True,False,False,Russian,0,Partner,0,0,0,0,0,0,,6829262,betboom_ru,False,,,,
zackrawrr,https://www.twitch.tv/zackrawrr,123397440,2865,57533,43070,,4,2049815,3346,0,0,True,False,False,English,0,Partner,138741045,3030,71606,45789,3215,0,,30500360,zackrawrr,False,,,,
Caedrel,https://www.twitch.tv/caedrel,118626690,2025,287937,58581,,5,1210994,16100,0,0,True,False,False,English,0,Partner,194318670,2850,217635,68181,18543,0,,2053059,caedrel,False,,,,
HasanAbi,https://www.twitch.tv/hasanabi,95751240,3165,41345,30253,,6,2820302,3847,0,0,True,False,False,English,0,Partner,93241050,2955,53154,31553,2271,0,,14441748,hasanabi,False,,,,
caseoh_,https://www.twitch.tv/caseoh_,87747960,1575,76912,55712,,7,6840321,28013,0,0,True,False,False,English,0,Partner,79370595,1545,75585,51372,34051,0,,18933073,caseoh_,False,,,,
PontiacMadeDDG,https://www.twitch.tv/pontiacmadeddg,86781045,6315,28068,13742,,8,642881,61545,0,0,True,False,False,English,0,Partner,23191875,2805,21628,8268,25268,0,,7653634,pontiacmadeddg,False,,,,
Papaplatte,https://www.twitch.tv/papaplatte,85091895,2490,55493,34173,,9,2804146,6998,0,0,True,False,False,German,0,Partner,42532725,1335,55957,31859,5764,0,,101547,papaplatte,False,,,,
Jynxzi,https://www.twitch.tv/jynxzi,82971465,3285,36107,25257,,10,7129788,22903,0,0,True,False,False,English,0,Partner,106843080,3720,42809,28721,38907,0,,21104643,jynxzi,False,,,,
ohnePixel,https://www.twitch.tv/ohnepixel,81982500,2790,60291,29384,,11,1701281,16482,0,0,True,False,False,English,0,Partner,66423510,2760,52127,24066,16078,0,,27167095,ohnepixel,False,,,,
eliasn97,https://www.twitch.tv/eliasn97,70023855,2040,81701,34325,,12,2098929,1078,0,0,True,False,False,German,0,Partner,81416010,2670,74399,30492,1372,0,,19392705,eliasn97,False,,,,
fissure_dota_en,https://www.twitch.tv/fissure_dota_en,67005000,5760,28702,11632,,13,133317,6031,0,0,True,False,False,English,0,Partner,0,0,0,0,0,0,,55772675,fissure_dota_en,False,,,,
Recrent,https://www.twitch.tv/recrent,63796035,2805,108941,22743,,14,1638853,31316,0,0,True,False,False,Russian,0,Partner,51871995,3765,34584,13777,12540,0,,757419,recrent,False,,,,
loud_coringa,https://www.twitch.tv/loud_coringa,63567735,3225,118984,19710,,15,6349804,35227,0,0,True,False,False,Portuguese,0,Partner,71329080,2460,122751,28995,13934,0,,32760796,loud_coringa,False,,,,
Tumblurr,https://www.twitch.tv/tumblurr,58526835,1770,116476,33066,,16,1869230,2727,0,0,True,False,False,Italian,0,Partner,63424215,1845,121623,34376,3292,0,,155285,tumblurr,False,,,,
nasdas_off,https://www.twitch.tv/nasdas_off,58022535,960,110436,60440,,17,919518,61815,0,0,True,False,False,French,0,Partner,64026615,1140,142426,56163,73700,0,,50717472,nasdas_off,False,,,,
summit1g,https://www.twitch.tv/summit1g,57889605,4500,21692,12864,,18,6317431,50,0,0,True,False,False,English,0,Partner,61479990,5220,19133,11777,743,0,,10840,summit1g,False,,,,
fps_shaka,https://www.twitch.tv/fps_shaka,57468435,2925,31607,19647,,19,1549616,1697,0,0,True,False,False,Japanese,0,Partner,55803210,3615,36180,15436,1905,0,,232516,fps_shaka,False,,,,
Fanum,https://www.twitch.tv/fanum,55530750,4350,18300,12765,,20,2990988,22253,0,0,True,False,False,English,0,Partner,11166090,870,20424,12834,11332,0,,8432753,fanum,False,,,,
Lacy,https://www.twitch.tv/lacy,55093470,2835,66365,19433,,21,1221520,14128,0,0,True,False,False,English,0,Partner,42698475,2400,35684,17791,1389,0,,29240813,lacy,False,,,,
relog_pari_cs_ru,https://www.twitch.tv/relog_pari_cs_ru,53439435,2625,45467,20357,,22,338878,9024,0,0,True,False,False,Russian,0,Partner,28582065,2100,57413,13610,6159,0,,56782054,relog_pari_cs_ru,False,,,,
buster,https://www.twitch.tv/buster,52752675,1560,63720,33815,,23,4409613,19532,0,0,True,False,False,Russian,0,Partner,36691560,1020,68976,35972,15444,0,,4762906,buster,False,,,,
ibai,https://www.twitch.tv/ibai,47494950,3030,45678,15674,,24,17303729,353,0,0,True,False,False,Spanish,0,Partner,133318290,6195,58277,21520,16118,0,,3196211,ibai,False,,,,
plaqueboymax,https://www.twitch.tv/plaqueboymax,47472660,1650,75066,28771,,25,1803438,18079,0,0,True,False,False,English,0,Partner,68567730,2115,65611,32419,12712,0,,38773224,plaqueboymax,False,,,,
stableronaldo,https://www.twitch.tv/stableronaldo,45501855,2265,32643,20089,,26,3737531,9897,0,0,True,False,False,English,0,Partner,38224320,2010,28047,19017,7102,0,,21527939,stableronaldo,False,,,,
shroud,https://www.twitch.tv/shroud,42223905,3855,20073,10953,,27,11114529,217,0,0,True,False,False,English,0,Partner,54334215,3630,32597,14968,3826,0,,614751,shroud,False,,,,
funnymike,https://www.twitch.tv/funnymike,40771800,8160,12695,4996,,28,225789,47825,0,0,True,False,False,English,0,Partner,24948645,6435,7511,3877,47748,0,,11251220,funnymike,False,,,,
zarbex,https://www.twitch.tv/zarbex,39324090,2745,21126,14325,,29,862553,8072,0,0,True,False,False,German,0,Partner,26472390,2070,22201,12788,5701,0,,20268522,zarbex,False,,,,
Rubius,https://www.twitch.tv/rubius,39210630,1515,62195,25881,,30,15655098,8101,0,0,True,False,False,Spanish,0,Partner,32211240,1605,41905,20069,7068,0,,1002201,rubius,False,,,,
Elajjaz,https://www.twitch.tv/elajjaz,38540625,3645,16480,10573,,31,515240,982,0,0,True,False,False,English,0,Partner,34132935,2985,16014,11434,539,0,,4979,elajjaz,False,,,,
StRoGo,https://www.twitch.tv/strogo,38366415,1965,51987,19524,,32,1322857,10663,0,0,True,False,False,Russian,0,Partner,28652625,1530,56535,18727,8765,0,,20178312,strogo,False,,,,
Gaules,https://www.twitch.tv/gaules,38353365,9945,52749,3856,,33,4261341,184,0,0,True,False,True,Portuguese,0,Partner,50339640,10080,42167,4994,1477,0,,13076616,gaules,False,,,,
xQc,https://www.twitch.tv/xqc,35863860,1545,37810,23212,,34,12041553,-423,0,0,True,False,False,English,0,Partner,33848490,1485,35969,22793,489,0,,78121,xqc,False,,,,
stylishnoob4,https://www.twitch.tv/stylishnoob4,34978170,2835,18757,12337,,35,1108252,2389,0,0,True,False,False,Japanese,0,Partner,37523940,2970,22383,12634,594,0,,58643,stylishnoob4,False,,,,
Clix,https://www.twitch.tv/clix,34201800,2670,24528,12809,,36,8164926,17790,0,0,True,False,False,English,0,Partner,36090660,2115,80344,17064,23712,0,,16572872,clix,False,,,,
mira,https://www.twitch.tv/mira,34129920,10080,3882,3385,,37,740921,308,0,0,True,False,False,English,0,Partner,29765520,10080,4913,2952,703,0,,18501,mira,False,,,,
RocketLeague,https://www.twitch.tv/rocketleague,33616470,1215,46666,27667,,38,4358858,8816,0,0,True,False,False,English,0,Partner,1165605,345,4146,3378,33,0,,2311196,rocketleague,False,,,,
mokrivskyi,https://www.twitch.tv/mokrivskyi,32256195,1425,49511,22635,,39,981526,6618,0,0,False,False,False,Russian,0,Community,17946390,900,53478,19940,3918,0,,11035668,mokrivskyi,False,,,,
alanzoka,https://www.twitch.tv/alanzoka,31603770,2340,26112,13505,,40,7601555,6307,0,0,True,False,False,Portuguese,0,Partner,29270295,2250,21228,13009,7413,0,,241979,alanzoka,False,,,,
JLTomy,https://www.twitch.tv/jltomy,31563555,2730,19207,11561,,41,1324801,713,0,0,True,False,False,French,0,Partner,13449750,1170,17595,11495,769,0,,11016752,jltomy,False,,,,
バトラ (batora324),https://www.twitch.tv/batora324,30920670,3570,13424,8661,,42,137399,2046,0,0,True,False,False,Japanese,0,Partner,14942280,2445,11019,6111,342,0,,5331342,batora324,False,,,,
LIRIK,https://www.twitch.tv/lirik,30793350,2415,24594,12750,,43,2981337,-110,0,0,True,False,False,English,0,Partner,38673795,2430,25564,15915,215,0,,62277,lirik,False,,,,
Mizkif,https://www.twitch.tv/mizkif,28791180,1650,25726,17449,,44,2131700,826,0,0,True,False,False,English,0,Partner,7904145,435,32435,18170,-131,0,,2385215,mizkif,False,,,,
tarik,https://www.twitch.tv/tarik,28473390,1155,46939,24652,,45,3258496,1960,0,0,True,False,False,English,0,Partner,9762420,660,34181,14791,-283,0,,178158,tarik,False,,,,
Arteezy,https://www.twitch.tv/arteezy,28343535,3585,11829,7906,,46,831708,4395,0,0,True,False,True,English,0,Partner,27695550,3240,12039,8548,944,0,,753328,arteezy,False,,,,
Quin69,https://www.twitch.tv/quin69,28095540,2985,21664,9412,,47,916327,730,0,0,True,False,False,English,0,Partner,22628370,2910,12035,7776,-1001,0,,4913,quin69,False,,,,
Bijusan,https://www.twitch.tv/bijusan,27876555,3720,22271,7493,,48,74143,3299,0,0,True,False,False,Japanese,0,Partner,16909035,3165,17286,5342,3000,0,,11151788,bijusan,False,,,,
Lazvell,https://www.twitch.tv/lazvell,27781140,3450,44442,8052,,49,457900,1781,0,0,True,False,False,Japanese,0,Partner,10318680,3510,17018,2939,1210,0,,7412503,lazvell,False,,,,
sodapoppin,https://www.twitch.tv/sodapoppin,27737625,1965,42908,14115,,50,8961443,873,0,0,True,False,True,English,0,Partner,27757125,2625,18559,10574,-886,0,,16635,sodapoppin,False,,,,
GRONKH,https://www.twitch.tv/gronkh,27634890,1485,24520,18609,,51,1741382,830,0,0,True,False,True,German,0,Partner,36891045,2295,23257,16074,1851,0,,99482,gronkh,False,,,,
Thebausffs,https://www.twitch.tv/thebausffs,27510660,1440,38555,19104,,52,1467753,6477,0,0,True,False,False,English,0,Partner,43967610,2550,36865,17242,7799,0,,12089485,thebausffs,False,,,,
Pikabooirl,https://www.twitch.tv/pikabooirl,27154755,3105,25872,8745,,53,583136,2040,0,0,True,False,False,English,0,Partner,26808210,3750,14458,7148,946,0,,82312,pikabooirl,False,,,,
Gorgc,https://www.twitch.tv/gorgc,27110580,3300,15020,8215,,54,754777,1526,0,0,True,False,False,English,0,Partner,23248440,2970,15053,7827,324,0,,3691316,gorgc,False,,,,
Mixwell,https://www.twitch.tv/mixwell,26953290,2205,23867,12223,,55,1212876,223,0,0,True,False,False,Spanish,0,Partner,6315105,1320,13602,4784,143,0,,4370,mixwell,False,,,,
MOONMOON,https://www.twitch.tv/moonmoon,26528220,2160,17180,12281,,56,1181790,-136,0,0,True,False,True,English,0,Partner,33637650,2700,18777,12458,61,0,,5412441,moonmoon,False,,,,
AussieAntics,https://www.twitch.tv/aussieantics,26159445,4755,12928,5501,,57,1414389,2931,0,0,True,False,False,English,0,Partner,27057990,3585,25210,7547,5191,0,,15792962,aussieantics,False,,,,
Squeezie,https://www.twitch.tv/squeezie,26045220,825,64032,31569,,58,5290295,6537,0,0,True,False,False,French,0,Partner,23097615,1230,33956,18778,6507,0,,5602855,squeezie,False,,,,
CohhCarnage,https://www.twitch.tv/cohhcarnage,25903650,2745,18839,9436,,59,1632861,1432,0,0,True,False,False,English,0,Partner,19920750,2670,15616,7460,455,0,,5115,cohhcarnage,False,,,,
QuickyBaby,https://www.twitch.tv/quickybaby,25654860,4185,14162,6130,,60,643938,336,0,0,True,False,False,English,0,Partner,24191790,3675,14679,6582,283,0,,99379,quickybaby,False,,,,
yourragegaming,https://www.twitch.tv/yourragegaming,25407555,1335,31298,19031,,61,1629351,3235,0,0,True,False,False,English,0,Partner,45148875,2100,33366,21499,6291,0,,20828103,yourragegaming,False,,,,
deepins02,https://www.twitch.tv/deepins02,25390425,1410,25683,18007,,62,2464234,10918,0,0,True,False,False,Russian,0,Partner,20044650,1140,24807,17583,6953,0,,10269255,deepins02,False,,,,
Dmitry_Lixxx,https://www.twitch.tv/dmitry_lixxx,25217730,1665,39939,15145,,63,1646968,12032,0,0,True,False,False,Russian,0,Partner,23870160,1365,94531,17487,6158,0,,13060408,dmitry_lixxx,False,,,,
Locklear,https://www.twitch.tv/locklear,24711975,2625,19067,9414,,64,2329957,3557,0,0,True,False,False,French,0,Partner,23301075,2415,19474,9648,4266,0,,8110978,locklear,False,,,,
NoWay4u_Sir,https://www.twitch.tv/noway4u_sir,24675270,3105,13670,7946,,65,734228,328,0,0,True,False,False,German,0,Partner,30093960,3225,15118,9331,461,0,,27769,noway4u_sir,False,,,,
Trymacs,https://www.twitch.tv/trymacs,24504360,1935,43285,12663,,66,3732988,3001,0,0,True,False,False,German,0,Partner,24315270,2145,20368,11335,3522,0,,5021703,trymacs,False,,,,
elxokas,https://www.twitch.tv/elxokas,24502650,2355,18153,10404,,67,4250362,1637,0,0,True,False,False,Spanish,0,Partner,29573460,2670,22800,11076,2497,0,,10692216,elxokas,False,,,,
TcK10,https://www.twitch.tv/tck10,24132285,2655,27740,9089,,68,682149,1903,0,0,True,False,False,Portuguese,0,Partner,12744345,2295,21133,5553,-635,0,,27255852,tck10,False,,,,
shadowkekw,https://www.twitch.tv/shadowkekw,23871525,540,101308,44206,,69,800859,12863,0,0,True,False,False,Russian,0,Partner,13603395,675,28113,20153,2311,0,,29505158,shadowkekw,False,,,,
はんじょう (hanjoudesu),https://www.twitch.tv/hanjoudesu,23452530,3030,13956,7740,,70,355599,739,0,0,True,False,False,Japanese,0,Partner,42173700,3645,23404,11570,2536,0,,32814146,hanjoudesu,False,,,,
ironmouse,https://www.twitch.tv/ironmouse,23368080,3000,12194,7789,,71,2278374,2561,0,0,True,False,True,English,0,Partner,18801450,2535,11370,7416,2120,0,,17636776,ironmouse,False,,,,
Adapt,https://www.twitch.tv/adapt,23154015,2235,19735,10359,,72,700635,15414,0,0,True,False,False,English,0,Partner,24064785,2400,29026,10026,17007,0,,14804367,adapt,False,,,,
TenZ,https://www.twitch.tv/tenz,23086815,3060,18500,7544,,73,4329520,3210,0,0,True,False,False,English,0,Partner,14095245,2040,13345,6909,4774,0,,575517,tenz,False,,,,
ThePrimeagen,https://www.twitch.tv/theprimeagen,23057025,9255,5762,2491,,74,256349,4938,0,0,True,False,False,English,0,Partner,1681710,615,3737,2734,893,0,,14518379,theprimeagen,False,,,,
evelone2004,https://www.twitch.tv/evelone2004,22679340,420,74790,53998,,75,1487338,6792,0,0,False,False,False,Russian,0,Community,47363355,930,101440,50928,21956,0,,42575911,evelone2004,False,,,,
TheRealMarzaa,https://www.twitch.tv/therealmarzaa,22561200,2820,22374,8000,,76,1748507,2328,0,0,True,False,False,Italian,0,Partner,17871840,2355,33252,7588,2589,0,,2064409,therealmarzaa,False,,,,
sacy,https://www.twitch.tv/sacy,22257435,3210,26031,6933,,77,782947,2923,0,0,True,False,True,Portuguese,0,Partner,12561090,3195,13844,3931,1640,0,,4374416,sacy,False,,,,
たいじ_たいちゃんねる (yaritaiji),https://www.twitch.tv/yaritaiji,22101240,2820,14669,7837,,78,140242,2322,0,0,False,False,False,Japanese,0,Community,8359290,930,15740,8988,961,0,,38367028,yaritaiji,False,,,,
KaiCenat,https://www.twitch.tv/kaicenat,21776385,300,86632,72587,,79,16771768,16980,0,0,True,False,False,English,0,Partner,51715605,615,147036,84090,48836,0,,36216355,kaicenat,False,,,,
Jinnytty,https://www.twitch.tv/jinnytty,21723105,4380,8885,4959,,80,1077071,1077,0,0,True,False,False,English,0,Partner,15894720,3270,7801,4860,742,0,,10797151,jinnytty,False,,,,
loltyler1,https://www.twitch.tv/loltyler1,21683475,2415,14474,8978,,81,5446709,-583,0,0,True,False,False,English,0,Partner,17485800,2160,17357,8095,-335,0,,3828692,loltyler1,False,,,,
jasontheween,https://www.twitch.tv/jasontheween,21661935,1020,36033,21237,,82,1129081,16467,0,0,True,False,False,English,0,Partner,53742165,2340,49026,22966,38032,0,,11663408,jasontheween,False,,,,
叶ちゃんねる (kanae_2434),https://www.twitch.tv/kanae_2434,21334635,2895,35016,7369,,83,725069,2006,0,0,False,False,False,Japanese,0,Community,17030280,2385,24727,7140,1580,0,,16051775,kanae_2434,False,,,,
Leb1ga,https://www.twitch.tv/leb1ga,21242355,945,36814,22478,,84,524745,4285,0,0,True,False,False,Ukrainian,0,Partner,10454550,480,30795,21780,1508,0,,6189295,leb1ga,False,,,,
RDCgaming,https://www.twitch.tv/rdcgaming,21036390,1605,19275,13106,,85,844762,3833,0,0,True,False,False,English,0,Partner,9847080,840,17121,11722,1778,0,,3386786,rdcgaming,False,,,,
gabepeixe,https://www.twitch.tv/gabepeixe,20903250,3345,17198,6249,,86,1706193,1754,0,0,True,False,False,Portuguese,0,Partner,24995745,3660,53113,6829,7256,0,,8338655,gabepeixe,False,,,,
pathofexile,https://www.twitch.tv/pathofexile,20569470,225,147372,91419,,87,418892,24250,0,0,True,False,False,English,0,Partner,1413255,270,7031,5234,687,0,,24443539,pathofexile,False,,,,
Baiano,https://www.twitch.tv/baiano,20183280,10080,11972,2002,,88,1050434,2832,0,0,True,False,True,Portuguese,0,Partner,18504840,10080,16689,1835,481,0,,9072198,baiano,False,,,,
mooda,https://www.twitch.tv/mooda,20052765,3000,10666,6684,,89,362277,4960,0,0,True,False,False,English,0,Partner,11896545,1800,10002,6609,4227,0,,35462863,mooda,False,,,,
lol_nemesis,https://www.twitch.tv/lol_nemesis,20019465,2505,16331,7991,,90,815526,6224,0,0,True,False,False,English,0,Partner,20984790,3015,36978,6960,4986,0,,9998577,lol_nemesis,False,,,,
IlloJuan,https://www.twitch.tv/illojuan,19949565,720,42329,27707,,91,4299840,2414,0,0,True,False,False,Spanish,0,Partner,38576655,1575,48047,24493,4057,0,,910344,illojuan,False,,,,
angryginge13,https://www.twitch.tv/angryginge13,19763715,2340,14100,8446,,92,1229334,5659,0,0,True,False,False,English,0,Partner,15111000,1965,12602,7690,5864,0,,33184526,angryginge13,False,,,,
aminematue,https://www.twitch.tv/aminematue,19752705,165,167623,119713,,93,3226887,2487,0,0,True,False,False,English,0,Partner,37210590,1050,55459,35438,6835,0,,25899954,aminematue,False,,,,
YoungMulti,https://www.twitch.tv/youngmulti,19702860,1440,20230,13682,,94,1321241,2639,0,0,True,False,False,Polish,0,Partner,11732925,1065,21576,11016,767,0,,35182181,youngmulti,False,,,,
Maximilian_DOOD,https://www.twitch.tv/maximilian_dood,19414380,2565,15238,7568,,95,1327168,1036,0,0,True,False,False,English,0,Partner,13827765,2640,7941,5237,551,0,,224416,maximilian_dood,False,,,,
dangerlyoha,https://www.twitch.tv/dangerlyoha,19361625,1290,40355,15009,,96,1139379,15620,0,0,True,False,False,Russian,0,Partner,8515005,855,14679,9959,4612,0,,24594582,dangerlyoha,False,,,,
forsen,https://www.twitch.tv/forsen,19301460,2190,18681,8813,,97,1763996,924,0,0,True,False,True,English,0,Partner,35014035,2220,85620,15772,1104,0,,194103,forsen,False,,,,
IzakOOO,https://www.twitch.tv/izakooo,19246515,3405,18132,5652,,98,1980545,1541,0,0,True,False,False,Polish,0,Partner,12345870,3420,9702,3609,659,0,,136222,izakooo,False,,,,
PaulinhoLOKObr,https://www.twitch.tv/paulinholokobr,18802395,555,46354,33878,,99,3358667,3531,0,0,True,False,False,Portuguese,0,Partner,22800165,660,50023,34545,4796,0,,29129792,paulinholokobr,False,,,,
Kamet0,https://www.twitch.tv/kamet0,18780915,1185,40656,15848,,100,2018314,1358,0,0,True,False,False,French,0,Partner,90960000,2370,143295,38379,4027,0,,211156,kamet0,False,,,,
Grubby,https://www.twitch.tv/grubby,18680145,2835,11829,6589,,101,714042,718,0,0,True,False,False,English,0,Partner,34670070,2955,39606,11732,4311,0,,93250,grubby,False,,,,
Lord_Kebun,https://www.twitch.tv/lord_kebun,18490905,2085,12187,8868,,102,692613,101,0,0,True,False,False,English,0,Partner,23004660,2610,11597,8814,289,0,,11151618,lord_kebun,False,,,,
ギルくん (guilty1223),https://www.twitch.tv/guilty1223,18284340,2700,11461,6771,,103,202334,532,0,0,True,False,False,Japanese,0,Partner,14540160,2535,12897,5735,426,0,,14867623,guilty1223,False,,,,
Zentreya,https://www.twitch.tv/zentreya,17955705,3330,7508,5392,,104,562839,1485,0,0,True,False,False,English,0,Partner,15447795,2670,11025,5785,1602,0,,6688679,zentreya,False,,,,
BALLERLEAGUE,https://www.twitch.tv/ballerleague,17903730,390,62322,45907,,105,327092,2862,0,0,True,False,False,German,0,Partner,22387380,390,78511,57403,2980,0,,66728509,ballerleague,False,,,,
PirateSoftware,https://www.twitch.tv/piratesoftware,17828700,2445,11204,7291,,106,1210234,-232,0,0,True,False,False,English,0,Partner,23753160,3840,8596,6185,-370,0,,10034290,piratesoftware,False,,,,
HandOfBlood,https://www.twitch.tv/handofblood,17687565,1875,14410,9433,,107,1330328,2933,0,0,True,False,False,German,0,Partner,4666200,540,11468,8641,431,0,,882997,handofblood,False,,,,
Aspen,https://www.twitch.tv/aspen,17472510,3300,11908,5294,,108,516580,3714,0,0,True,False,False,English,0,Partner,6209655,1020,8545,6087,1421,0,,9698188,aspen,False,,,,
Tubbo,https://www.twitch.tv/tubbo,17466540,10080,6129,1732,,109,5251454,-352,0,0,True,False,False,English,0,Partner,19599840,10080,5486,1944,-226,0,,15655323,tubbo,False,,,,
Jerma985,https://www.twitch.tv/jerma985,17316930,1470,15806,11780,,110,1508493,1469,0,0,True,False,True,English,0,Partner,18621540,1725,15400,10795,1908,0,,797783,jerma985,False,,,,
Xaryu,https://www.twitch.tv/xaryu,17179575,2340,19747,7341,,111,707241,2235,0,0,True,False,False,English,0,Partner,11474145,2415,8566,4751,425,0,,37450,xaryu,False,,,,
robcdee,https://www.twitch.tv/robcdee,16977345,4800,10446,3536,,112,336634,360,0,0,True,False,False,English,0,Partner,12912525,4245,4437,3041,268,0,,11640821,robcdee,False,,,,
Necros,https://www.twitch.tv/necros,16966920,2445,11495,6939,,113,844742,4982,0,0,True,False,False,English,0,Partner,19087665,1830,18362,10430,7168,0,,9596323,necros,False,,,,
夢野あかり (akarindao),https://www.twitch.tv/akarindao,16947660,2685,25407,6311,,114,538270,2575,0,0,True,False,False,Japanese,0,Partner,5810070,2130,4657,2727,767,0,,32317285,akarindao,False,,,,
BarbarousKing,https://www.twitch.tv/barbarousking,16743645,4965,8220,3372,,115,225910,154,0,0,True,False,True,English,0,Partner,14163495,3855,6220,3674,192,0,,7921756,barbarousking,False,,,,
MarvelRivals,https://www.twitch.tv/marvelrivals,16716705,10005,12611,1670,,116,295055,6788,0,0,True,False,False,English,0,Partner,29356230,9945,14472,2951,15518,0,,69874173,marvelrivals,False,,,,
あっさりしょこー (assarisyoko1),https://www.twitch.tv/assarisyoko1,16706160,3060,9623,5459,,117,89320,2408,0,0,True,False,False,Japanese,0,Partner,12739185,1740,13252,7321,3948,0,,67513815,assarisyoko1,False,,,,
BastiGHG,https://www.twitch.tv/bastighg,16509180,2100,11857,7861,,118,2120360,4672,0,0,True,False,False,German,0,Partner,30014385,2160,42015,13895,8423,0,,790314,bastighg,False,,,,
ImperialHal__,https://www.twitch.tv/imperialhal__,16503990,2715,9656,6078,,119,2053589,2,0,0,True,False,False,English,0,Partner,14635365,2595,9114,5639,-27,0,,11938220,imperialhal__,False,,,,
TheBurntPeanut,https://www.twitch.tv/theburntpeanut,16371600,3015,7150,5430,,120,131851,5996,0,0,True,False,False,English,0,Partner,15307545,3090,7241,4953,5529,0,,25263641,theburntpeanut,False,,,,
羅傑 (roger9527),https://www.twitch.tv/roger9527,16023300,3420,8048,4685,,121,218787,342,0,0,True,False,False,Chinese,0,Partner,12774090,2535,8981,5039,325,0,,5792,roger9527,False,,,,
ごっちゃんマイキー (gocchanmikey),https://www.twitch.tv/gocchanmikey,16019010,2385,19919,6716,,122,198223,962,0,0,True,False,False,Japanese,0,Partner,12260010,2310,15539,5307,438,0,,52611363,gocchanmikey,False,,,,
betboom_ru2,https://www.twitch.tv/betboom_ru2,15999795,3120,21930,5128,,123,173461,3798,0,0,True,False,False,Russian,0,Partner,0,0,0,0,0,0,,8208351,betboom_ru2,False,,,,
sinatraa,https://www.twitch.tv/sinatraa,15886020,3075,10494,5166,,124,2033231,218,0,0,True,False,False,English,0,Partner,29361375,4155,12750,7066,3515,0,,8226992,sinatraa,False,,,,
Vspo_official,https://www.twitch.tv/vspo_official,15835440,975,37832,16241,,125,32430,19842,0,0,False,False,False,Japanese,0,Community,0,0,0,0,0,0,,77502243,vspo_official,False,,,,
LVNDMARK,https://www.twitch.tv/lvndmark,15833025,3060,9725,5174,,126,1321821,253,0,0,True,False,False,English,0,Partner,14130300,2985,7568,4733,381,0,,22584174,lvndmark,False,,,,
Bonjwa,https://www.twitch.tv/bonjwa,15704790,2760,10955,5690,,127,247720,315,0,0,True,False,False,German,0,Partner,14961165,2895,10320,5167,125,0,,199452,bonjwa,False,,,,
GronkhTV,https://www.twitch.tv/gronkhtv,15644160,10080,6365,1552,,128,610159,586,0,0,True,False,True,German,0,Partner,16183980,10080,7463,1605,338,0,,2516231,gronkhtv,False,,,,
Etoiles,https://www.twitch.tv/etoiles,15636060,1755,42839,8909,,129,1193406,2889,0,0,True,False,False,French,0,Partner,2988060,375,15728,7968,112,0,,1271980,etoiles,False,,,,
shanks_ttv,https://www.twitch.tv/shanks_ttv,15534555,3465,10345,4483,,130,584234,1176,0,0,True,False,True,English,0,Partner,10423935,3270,7738,3187,1249,0,,29692827,shanks_ttv,False,,,,
otplol_,https://www.twitch.tv/otplol_,15448440,10080,36957,1532,,131,780014,29,0,0,True,False,False,French,0,Partner,64249260,10080,69694,6373,2368,0,,35478616,otplol_,False,,,,
juansguarnizo,https://www.twitch.tv/juansguarnizo,15425295,2160,15203,7141,,132,11507707,658,0,0,True,False,False,Spanish,0,Partner,8938695,1335,13945,6695,2116,0,,8543782,juansguarnizo,False,,,,
VALORANT_jpn,https://www.twitch.tv/valorant_jpn,15400650,2760,14257,5579,,133,592424,1223,0,0,True,False,False,Japanese,0,Partner,5689095,1320,8978,4309,487,0,,30055624,valorant_jpn,False,,,,
MissMikkaa,https://www.twitch.tv/missmikkaa,15384195,3600,6033,4273,,134,458250,1844,0,0,True,False,False,English,0,Partner,15471210,3045,9923,5080,1264,0,,102835,missmikkaa,False,,,,
b0rja,https://www.twitch.tv/b0rja,15355680,10080,8199,1523,,135,130749,4316,0,0,True,False,False,Spanish,0,Partner,10899540,10080,5219,1081,3109,0,,13111283,b0rja,False,,,,
cs2_maincast,https://www.twitch.tv/cs2_maincast,15327795,3270,15376,4687,,136,221647,4149,0,0,True,False,False,Ukrainian,0,Partner,11792475,2760,15304,4272,1130,0,,48188906,cs2_maincast,False,,,,
KRL_STREAM,https://www.twitch.tv/krl_stream,15235185,3705,12067,4112,,137,94286,1865,0,0,True,False,True,French,0,Partner,10417155,3585,14202,2905,1865,0,,9603875,krl_stream,False,,,,
kussia88,https://www.twitch.tv/kussia88,15224580,2745,8788,5546,,138,1243020,5688,0,0,False,False,True,Russian,0,Community,3089715,585,7285,5281,1318,0,,59540277,kussia88,False,,,,
Anyme023,https://www.twitch.tv/anyme023,15176970,1500,19618,10117,,139,349259,30675,0,0,True,False,False,French,0,Partner,14223225,1905,12474,7466,19304,0,,69810692,anyme023,False,,,,
xTheSolutionTV,https://www.twitch.tv/xthesolutiontv,14976750,3945,5394,3796,,140,753507,299,0,0,True,False,False,German,0,Partner,13710195,4335,6039,3162,436,0,,439227,xthesolutiontv,False,,,,
knekro,https://www.twitch.tv/knekro,14965365,2355,14314,6354,,141,1220405,179,0,0,True,False,False,Spanish,0,Partner,8025030,1395,8694,5752,127,0,,11581099,knekro,False,,,,
ExtraEmily,https://www.twitch.tv/extraemily,14858715,1515,15692,9807,,142,467013,775,0,0,True,False,False,English,0,Partner,8690280,885,19671,9819,239,0,,28850825,extraemily,False,,,,
capr1isun,https://www.twitch.tv/capr1isun,14792925,990,30243,14942,,143,183066,78778,0,0,False,False,False,English,0,Community,4980450,450,16411,11067,58015,0,,73066569,capr1isun,False,,,,
VALORANT_EMEA,https://www.twitch.tv/valorant_emea,14786490,1170,22232,12638,,144,664408,4464,0,0,True,False,False,English,0,Partner,5347530,1830,6832,2922,845,0,,33213385,valorant_emea,False,,,,
JesusAVGN,https://www.twitch.tv/jesusavgn,14572665,1530,13225,9524,,145,1830582,62,0,0,True,False,False,Russian,0,Partner,17442435,1845,19696,9453,854,0,,10799,jesusavgn,False,,,,
k4sen,https://www.twitch.tv/k4sen,14561655,1125,23491,12943,,146,919606,1984,0,0,True,False,False,Japanese,0,Partner,40247715,2745,24768,14662,2142,0,,462562,k4sen,False,,,,
MichiMochievee,https://www.twitch.tv/michimochievee,14525070,2820,8456,5150,,147,179387,2229,0,0,True,False,False,English,0,Partner,18231765,3705,8314,4920,3131,0,,69434692,michimochievee,False,,,,
Nikof,https://www.twitch.tv/nikof,14504970,1290,17971,11244,,148,715404,1434,0,0,True,False,False,French,0,Partner,13945815,1185,22060,11768,1643,0,,15162515,nikof,False,,,,
skill4ltu,https://www.twitch.tv/skill4ltu,14496600,3615,7335,4010,,149,363196,438,0,0,True,False,True,English,0,Partner,17523330,4185,6961,4187,886,0,,3601057,skill4ltu,False,,,,
Emiru,https://www.twitch.tv/emiru,14345595,795,30027,18044,,150,1736915,2209,0,0,True,False,False,English,0,Partner,25699755,1425,35414,18034,2403,0,,1435137,emiru,False,,,,
anarabdullaev,https://www.twitch.tv/anarabdullaev,14212860,1800,14674,7896,,151,163012,11663,0,0,False,False,False,Russian,0,Community,2933055,435,10181,6742,728,0,,60851892,anarabdullaev,False,,,,
scump,https://www.twitch.tv/scump,14177460,1755,19328,8078,,152,1837775,1377,0,0,True,False,False,English,0,Partner,4397355,1110,8950,3961,535,0,,9428025,scump,False,,,,
蝦愛橘子 (shuteye_orange),https://www.twitch.tv/shuteye_orange,14119740,10080,3699,1400,,153,179959,50,0,0,True,False,True,Chinese,0,Partner,14587500,10080,2751,1447,76,0,,9890865,shuteye_orange,False,,,,
Emongg,https://www.twitch.tv/emongg,13958370,3195,9302,4368,,154,1085995,1282,0,0,True,False,False,English,0,Partner,38364420,3825,26438,10029,3651,0,,39045,emongg,False,,,,
ファン太 (fantasista_jp),https://www.twitch.tv/fantasista_jp,13889670,1380,27839,10064,,155,291999,155,0,0,True,False,False,Japanese,0,Partner,23235300,2175,18340,10682,235,0,,14167665,fantasista_jp,False,,,,
TraYtoNlol,https://www.twitch.tv/traytonlol,13864395,4050,9325,3423,,156,225573,602,0,0,True,False,False,French,0,Partner,7854810,2445,7804,3212,363,0,,243696,traytonlol,False,,,,
SolaryHS,https://www.twitch.tv/solaryhs,13813560,10080,3059,1370,,157,208231,125,0,0,True,False,False,French,0,Partner,11455320,10080,2921,1136,198,0,,21823138,solaryhs,False,,,,
zubarefff,https://www.twitch.tv/zubarefff,13726350,585,41352,23463,,158,2287506,9705,0,0,True,False,True,Russian,0,Partner,594600,90,7403,6606,571,0,,49275845,zubarefff,False,,,,
GENSYXA,https://www.twitch.tv/gensyxa,13690620,810,39984,16902,,159,1636311,15837,0,0,True,False,True,Russian,0,Partner,1069365,315,4943,3394,2001,0,,8190659,gensyxa,False,,,,
yuuri22,https://www.twitch.tv/yuuri22,13529160,360,54868,37581,,160,1088701,6159,0,0,False,False,False,Portuguese,0,Community,14491755,465,60005,31165,16236,0,,48885323,yuuri22,False,,,,
Stray228,https://www.twitch.tv/stray228,13467735,1935,9466,6960,,161,1704189,718,0,0,True,False,False,Russian,0,Partner,15476130,2370,9825,6530,892,0,,66516,stray228,False,,,,
しんじさん (shinjifromjapanxd),https://www.twitch.tv/shinjifromjapanxd,13395285,4305,5680,3111,,162,215292,930,0,0,True,False,False,Japanese,0,Partner,6626700,2265,5658,2925,574,0,,19596269,shinjifromjapanxd,False,,,,
39daph,https://www.twitch.tv/39daph,13386525,3315,7103,4038,,163,1216585,477,0,0,True,False,False,English,0,Partner,12167415,2940,9076,4138,507,0,,10925453,39daph,False,,,,
TimTheTatman,https://www.twitch.tv/timthetatman,13380840,1080,17356,12389,,164,7217180,3137,0,0,True,False,True,English,0,Partner,11396235,915,16800,12454,2446,0,,61581,timthetatman,False,,,,
kingsleague,https://www.twitch.tv/kingsleague,13365735,855,36360,15632,,165,3284546,987,0,0,True,False,False,Spanish,0,Partner,11256390,825,22985,13644,719,0,,5504732,kingsleague,False,,,,
GUACAMOLEMOLLY,https://www.twitch.tv/guacamolemolly,13093425,1575,14310,8313,,166,524695,1135,0,0,True,False,True,Russian,0,Partner,9531450,1290,9630,7388,172,0,,12452512,guacamolemolly,False,,,,
NEEXcsgo,https://www.twitch.tv/neexcsgo,13061715,4230,8758,3087,,167,406822,1704,0,0,True,False,False,Polish,0,Partner,11881590,4200,9400,2828,1287,0,,8573509,neexcsgo,False,,,,
Repaz,https://www.twitch.tv/repaz,13055280,4725,15215,2763,,168,723853,1028,0,0,True,False,True,German,0,Partner,12149250,4590,16869,2646,1042,0,,7788672,repaz,False,,,,
綠茶 (greentea),https://www.twitch.tv/greentea,12999315,4440,6064,2927,,169,162792,529,0,0,True,False,False,Chinese,0,Partner,13806210,4185,6483,3298,730,0,,645349,greentea,False,,,,
Sliggytv,https://www.twitch.tv/sliggytv,12885465,3150,8140,4090,,170,171724,786,0,0,True,False,False,English,0,Partner,1195485,555,4074,2154,45,0,,3071752,sliggytv,False,,,,
如月れん (ren_kisaragi__),https://www.twitch.tv/ren_kisaragi__,12883275,3405,9007,3783,,171,250203,4472,0,0,True,False,False,Japanese,0,Partner,4435035,1935,5070,2292,1030,0,,50771716,ren_kisaragi__,False,,,,
Agent00,https://www.twitch.tv/agent00,12561750,1830,10430,6864,,172,2269649,4280,0,0,True,False,False,English,0,Partner,14646615,1395,23261,10499,-22827,0,,120045,agent00,False,,,,
Rakin,https://www.twitch.tv/rakin,12519930,5865,3814,2134,,173,1663722,-217,0,0,True,False,False,Portuguese,0,Partner,6849105,4305,2553,1590,332,0,,28879,rakin,False,,,,
AgustinUnaplay8,https://www.twitch.tv/agustinunaplay8,12469950,2205,9534,5655,,174,316467,1107,0,0,True,False,False,Spanish,0,Partner,10595445,1845,8904,5742,1254,0,,9117085,agustinunaplay8,False,,,,
VALORANT_Americas,https://www.twitch.tv/valorant_americas,12399810,1140,19978,10877,,175,850000,4444,0,0,True,False,False,English,0,Partner,2199675,225,14138,9776,143,0,,33476009,valorant_americas,False,,,,
AuzioMF,https://www.twitch.tv/auziomf,12398925,2385,15059,5198,,176,546599,3295,0,0,True,False,False,English,0,Partner,13739640,2520,14804,5452,2118,0,,1245149,auziomf,False,,,,
ボドカさん (vodkavdk),https://www.twitch.tv/vodkavdk,12358875,2505,17243,4933,,177,616059,2191,0,0,True,False,False,Japanese,0,Partner,14819925,2700,25309,5488,3551,0,,587026,vodkavdk,False,,,,
柊ツルギ (hiiragitsurugi),https://www.twitch.tv/hiiragitsurugi,12341235,2760,10651,4471,,178,334191,1280,0,0,True,False,False,Japanese,0,Partner,7710315,1830,12172,4213,1468,0,,63294912,hiiragitsurugi,False,,,,
rezonfn,https://www.twitch.tv/rezonfn,12319740,2385,8998,5165,,179,1218649,-726,0,0,True,False,False,German,0,Partner,11982825,2385,8727,5024,8729,0,,22066469,rezonfn,False,,,,
AntoineDaniel,https://www.twitch.tv/antoinedaniel,12301260,870,22023,14139,,180,1060897,272,0,0,True,False,True,French,0,Partner,9183015,900,19108,10203,241,0,,8369226,antoinedaniel,False,,,,
SilverName,https://www.twitch.tv/silvername,12237690,2205,9167,5549,,181,880070,2556,0,0,True,False,False,Russian,0,Partner,7567785,1710,13128,4425,313,0,,187383,silvername,False,,,,
supertf,https://www.twitch.tv/supertf,12215355,2070,9117,5901,,182,702042,445,0,0,True,False,False,English,0,Partner,17791350,3000,11155,5930,1051,0,,7809471,supertf,False,,,,
Agustabell212,https://www.twitch.tv/agustabell212,12186750,3960,5530,3077,,183,278142,153,0,0,True,False,False,Spanish,0,Partner,4564200,2160,3477,2113,38,0,,4458679,agustabell212,False,,,,
PUBG_BATTLEGROUNDS,https://www.twitch.tv/pubg_battlegrounds,12180705,4050,8631,3007,,184,1161220,5042,0,0,True,False,False,English,0,Partner,5294715,1710,7004,3096,1161,0,,8324036,pubg_battlegrounds,False,,,,
RUGAAL,https://www.twitch.tv/rugaal,12150585,10065,1734,1207,,185,44733,2717,0,0,False,False,False,English,0,Community,8260230,10065,1508,820,2103,0,,72365554,rugaal,False,,,,
tenderlybae,https://www.twitch.tv/tenderlybae,12111840,390,46503,31056,,186,1547207,22209,0,0,True,False,False,Russian,0,Partner,2010660,225,25831,8936,7242,0,,17744285,tenderlybae,False,,,,
ハイタニ (haitani0904),https://www.twitch.tv/haitani0904,12081465,3705,9088,3260,,187,146880,789,0,0,True,False,False,Japanese,0,Partner,3761760,1905,5096,1974,115,0,,14740597,haitani0904,False,,,,
sasatikk,https://www.twitch.tv/sasatikk,12006285,2010,9747,5973,,188,392561,696,0,0,True,False,False,Japanese,0,Partner,15291705,1965,14055,7782,997,0,,8808457,sasatikk,False,,,,
Tectone,https://www.twitch.tv/tectone,11920815,2100,10289,5676,,189,951873,849,0,0,True,False,False,English,0,Partner,11053200,2130,7559,5189,-460,0,,1814971,tectone,False,,,,
RocketBaguette,https://www.twitch.tv/rocketbaguette,11918535,1440,17909,8276,,190,482336,1533,0,0,True,False,False,French,0,Partner,92115,105,1246,877,3,0,,8308427,rocketbaguette,False,,,,
xRohat,https://www.twitch.tv/xrohat,11898435,2115,12977,5625,,191,1184321,1140,0,0,True,False,False,German,0,Partner,18311370,3345,16617,5474,547,0,,23814064,xrohat,False,,,,
PietSmiet,https://www.twitch.tv/pietsmiet,11867370,2475,11195,4794,,192,830405,1708,0,0,True,False,True,German,0,Partner,16640355,3060,13889,5438,832,0,,88204,pietsmiet,False,,,,
sasavot,https://www.twitch.tv/sasavot,11836125,705,28357,16788,,193,954758,2532,0,0,True,False,False,Russian,0,Partner,16916040,765,39488,22112,8680,0,,13576138,sasavot,False,,,,
LenaGol0vach,https://www.twitch.tv/lenagol0vach,11777220,1245,13268,9459,,194,697704,2040,0,0,True,False,False,Russian,0,Partner,11935050,1275,13748,9360,1871,0,,13356,lenagol0vach,False,,,,
FerretSoftware,https://www.twitch.tv/ferretsoftware,11698200,10080,4268,1160,,195,173077,35,0,0,True,False,False,English,0,Partner,12303780,10080,6083,1220,168,0,,58175111,ferretsoftware,False,,,,
bratishkinoff,https://www.twitch.tv/bratishkinoff,11684565,675,25815,17310,,196,3403451,5987,0,0,True,False,True,Russian,0,Partner,22630920,1365,26657,16579,8011,0,,2379709,bratishkinoff,False,,,,
西南69 (kr1stw),https://www.twitch.tv/kr1stw,11628495,3705,5853,3138,,197,79019,92,0,0,True,False,True,Chinese,0,Partner,9605445,2490,5668,3857,74,0,,11822911,kr1stw,False,,,,
Distortion2,https://www.twitch.tv/distortion2,11621085,2670,8491,4352,,198,670636,333,0,0,True,False,True,English,0,Partner,9095430,3840,4809,2368,3,0,,242297,distortion2,False,,,,
Bisteconee,https://www.twitch.tv/bisteconee,11611920,1125,18536,10321,,199,1240419,7701,0,0,True,False,False,Portuguese,0,Partner,9532380,855,15948,11148,7757,0,,41869346,bisteconee,False,,,,
PaymoneyWubby,https://www.twitch.tv/paymoneywubby,11580420,900,18474,12867,,200,672795,487,0,0,True,False,False,English,0,Partner,10693575,765,17912,13978,559,0,,6868784,paymoneywubby,False,,,,
